-- phpMyAdmin SQL Dump
-- version 5.2.1
-- https://www.phpmyadmin.net/
--
-- Host: 127.0.0.1
-- Generation Time: Dec 29, 2024 at 04:37 PM
-- Server version: 10.4.32-MariaDB
-- PHP Version: 8.2.12

SET SQL_MODE = "NO_AUTO_VALUE_ON_ZERO";
START TRANSACTION;
SET time_zone = "+00:00";


/*!40101 SET @OLD_CHARACTER_SET_CLIENT=@@CHARACTER_SET_CLIENT */;
/*!40101 SET @OLD_CHARACTER_SET_RESULTS=@@CHARACTER_SET_RESULTS */;
/*!40101 SET @OLD_COLLATION_CONNECTION=@@COLLATION_CONNECTION */;
/*!40101 SET NAMES utf8mb4 */;

--
-- Database: `dwuas`
--

-- --------------------------------------------------------

--
-- Table structure for table `dimaddress`
--

CREATE TABLE `dimaddress` (
  `AddressID` int(11) NOT NULL,
  `AddressLine` varchar(60) NOT NULL,
  `City` varchar(30) NOT NULL,
  `PostalCode` varchar(15) NOT NULL
) ENGINE=InnoDB DEFAULT CHARSET=utf8mb4 COLLATE=utf8mb4_general_ci;

--
-- Dumping data for table `dimaddress`
--

INSERT INTO `dimaddress` (`AddressID`, `AddressLine`, `City`, `PostalCode`) VALUES
(1, '1970 Napa Ct.', 'Bothell', '98011'),
(2, '9833 Mt. Dias Blv.', 'Bothell', '98011'),
(4, '9539 Glenside Dr', 'Bothell', '98011'),
(5, '1226 Shoe St.', 'Bothell', '98011'),
(6, '1399 Firestone Drive', 'Bothell', '98011'),
(7, '5672 Hale Dr.', 'Bothell', '98011'),
(8, '6387 Scenic Avenue', 'Bothell', '98011'),
(10, '250 Race Court', 'Bothell', '98011'),
(14, '8157 W. Book', 'Bothell', '98011'),
(20, '6872 Thornwood Dr.', 'Bothell', '98011'),
(21, '5747 Shirley Drive', 'Bothell', '98011'),
(23, '6657 Sand Pointe Lane', 'Seattle', '98104'),
(40, '1902 Santa Cruz', 'Bothell', '98011'),
(42, '463 H Stagecoach Rd.', 'Kenmore', '98028'),
(43, '5203 Virginia Lane', 'Kenmore', '98028'),
(44, '4095 Cooper Dr.', 'Kenmore', '98028'),
(45, '6697 Ridge Park Drive', 'Kenmore', '98028'),
(46, '5669 Ironwood Way', 'Kenmore', '98028'),
(47, '8192 Seagull Court', 'Kenmore', '98028'),
(48, '5553 Cash Avenue', 'Kenmore', '98028'),
(49, '7048 Laurel', 'Kenmore', '98028'),
(50, '25 95th Ave NE', 'Kenmore', '98028'),
(51, '3280 Pheasant Circle', 'Snohomish', '98296'),
(52, '4231 Spar Court', 'Snohomish', '98296'),
(53, '1285 Greenbrier Street', 'Snohomish', '98296'),
(54, '5724 Victory Lane', 'Snohomish', '98296'),
(55, '591 Merriewood Drive', 'Snohomish', '98296'),
(56, '3114 Notre Dame Ave.', 'Snohomish', '98296'),
(57, '7230 Vine Maple Street', 'Snohomish', '98296'),
(58, '2601 Cambridge Drive', 'Snohomish', '98296'),
(59, '2115 Passing', 'Snohomish', '98296'),
(60, '4852 Chaparral Court', 'Snohomish', '98296'),
(61, '7726 Driftwood Drive', 'Monroe', '98272'),
(62, '3841 Silver Oaks Place', 'Monroe', '98272'),
(63, '9652 Los Angeles', 'Monroe', '98272'),
(64, '4566 La Jolla', 'Monroe', '98272'),
(65, '1356 Grove Way', 'Monroe', '98272'),
(67, '4734 Sycamore Court', 'Monroe', '98272'),
(68, '896 Southdale', 'Monroe', '98272'),
(69, '2275 Valley Blvd.', 'Monroe', '98272'),
(70, '1792 Belmont Rd.', 'Monroe', '98272'),
(71, '5734 Ashford Court', 'Monroe', '98272'),
(72, '5030 Blue Ridge Dr.', 'Monroe', '98272'),
(73, '158 Walnut Ave', 'Monroe', '98272'),
(74, '8310 Ridge Circle', 'Monroe', '98272'),
(75, '3747 W. Landing Avenue', 'Monroe', '98272'),
(76, '2598 La Vista Circle', 'Duvall', '98019'),
(77, '9693 Mellowood Street', 'Duvall', '98019'),
(78, '1825 Corte Del Prado', 'Duvall', '98019'),
(79, '5086 Nottingham Place', 'Duvall', '98019'),
(80, '3977 Central Avenue', 'Duvall', '98019'),
(81, '8209 Green View Court', 'Duvall', '98019'),
(82, '8463 Vista Avenue', 'Duvall', '98019'),
(83, '5379 Treasure Island Way', 'Duvall', '98019'),
(84, '3421 Bouncing Road', 'Duvall', '98019'),
(85, '991 Vista Verde', 'Duvall', '98019'),
(86, '390 Ridgewood Ct.', 'Carnation', '98014'),
(87, '1411 Ranch Drive', 'Carnation', '98014'),
(88, '9666 Northridge Ct.', 'Carnation', '98014'),
(89, '3074 Arbor Drive', 'Carnation', '98014'),
(90, '9752 Jeanne Circle', 'Carnation', '98014'),
(91, '7166 Brock Lane', 'Seattle', '98104'),
(92, '7126 Ending Ct.', 'Seattle', '98104'),
(93, '4598 Manila Avenue', 'Seattle', '98104'),
(94, '5666 Hazelnut Lane', 'Seattle', '98104'),
(95, '1220 Bradford Way', 'Seattle', '98104'),
(96, '5375 Clearland Circle', 'Seattle', '98104'),
(97, '2639 Anchor Court', 'Seattle', '98104'),
(98, '502 Alexander Pl.', 'Seattle', '98104'),
(99, '5802 Ampersand Drive', 'Seattle', '98104'),
(100, '5125 Cotton Ct.', 'Seattle', '98104'),
(101, '3243 Buckingham Dr.', 'Seattle', '98104'),
(102, '3029 Pastime Dr', 'Seattle', '98104'),
(103, '9537 Ridgewood Drive', 'Seattle', '98104'),
(104, '9964 North Ridge Drive', 'Seattle', '98104'),
(105, '1619 Stillman Court', 'Seattle', '98104'),
(106, '2144 San Rafael', 'Seattle', '98104'),
(107, '7403 N. Broadway', 'Seattle', '98104'),
(108, '7842 Ygnacio Valley Road', 'Seattle', '98104'),
(109, '874 Olivera Road', 'Seattle', '98104'),
(110, '1064 Slow Creek Road', 'Seattle', '98104'),
(111, '77 Birchwood', 'Seattle', '98104'),
(112, '7765 Sunsine Drive', 'Seattle', '98104'),
(113, '1102 Ravenwood', 'Seattle', '98104'),
(114, '1398 Yorba Linda', 'Seattle', '98104'),
(115, '4948 West 4th St', 'Seattle', '98104'),
(116, '8290 Margaret Ct.', 'Seattle', '98104'),
(117, '426 San Rafael', 'Seattle', '98104'),
(118, '136 Balboa Court', 'Seattle', '98104'),
(119, '7439 Laguna Niguel', 'Seattle', '98104'),
(120, '6498 Mining Rd.', 'Seattle', '98104'),
(121, '6578 Woodhaven Ln.', 'Seattle', '98104'),
(122, '2354 Frame Ln.', 'Seattle', '98104'),
(123, '6843 San Simeon Dr.', 'Seattle', '98104'),
(124, '7616 Honey Court', 'Seattle', '98104'),
(125, '931 Corte De Luna', 'Seattle', '98104'),
(126, '7594 Alexander Pl.', 'Seattle', '98104'),
(127, '7127 Los Gatos Court', 'Seattle', '98104'),
(128, '8656 Lakespring Place', 'Seattle', '98104'),
(129, '5025 Holiday Hills', 'Seattle', '98104'),
(130, '5376 Catanzaro Way', 'Seattle', '98104'),
(131, '504 O St.', 'Edmonds', '98020'),
(132, '6870 D Bel Air Drive', 'Edmonds', '98020'),
(133, '8152 Claudia Dr.', 'Edmonds', '98020'),
(134, '6057 Hill Street', 'Edmonds', '98020'),
(135, '2812 Mazatlan', 'Edmonds', '98020'),
(136, '172 Turning Dr.', 'Edmonds', '98020'),
(137, '9784 Mt Etna Drive', 'Edmonds', '98020'),
(138, '2059 Clay Rd', 'Edmonds', '98020'),
(139, '2687 Ridge Road', 'Edmonds', '98020'),
(140, '371 Apple Dr.', 'Edmonds', '98020'),
(141, '3281 Hillview Dr.', 'Edmonds', '98020'),
(142, '2080 Sycamore Drive', 'Edmonds', '98020'),
(143, '7511 Cooper Dr.', 'Edmonds', '98020'),
(144, '9825 Coralie Drive', 'Edmonds', '98020'),
(145, '8411 Mt. Orange Place', 'Edmonds', '98020'),
(146, '207 Berry Court', 'Edmonds', '98020'),
(147, '1061 Buskrik Avenue', 'Edmonds', '98020'),
(148, '3632 Bank Way', 'Edmonds', '98020'),
(149, '3026 Anchor Drive', 'Edmonds', '98020'),
(150, '7338 Green St.', 'Edmonds', '98020'),
(151, '2038 Encino Drive', 'Edmonds', '98020'),
(152, '2466 Clearland Circle', 'Edmonds', '98020'),
(153, '9277 Country View Lane', 'Edmonds', '98020'),
(154, '5423 Champion Rd.', 'Edmonds', '98020'),
(155, '2046 Las Palmas', 'Edmonds', '98020'),
(156, '8684 Military East', 'Bellevue', '98004'),
(157, '7270 Pepper Way', 'Bellevue', '98004'),
(158, '6058 Hill Street', 'Bellevue', '98004'),
(159, '1648 Eastgate Lane', 'Bellevue', '98004'),
(160, '3454 Bel Air Drive', 'Bellevue', '98004'),
(161, '3067 Maya', 'Bellevue', '98004'),
(162, '3197 Thornhill Place', 'Bellevue', '98004'),
(163, '3919 Pinto Road', 'Bellevue', '98004'),
(164, '7396 Stratton Circle', 'Bellevue', '98004'),
(165, '9745 Bonita Ct.', 'Bellevue', '98004'),
(166, '3670 All Ways Drive', 'Bellevue', '98004'),
(167, '7221 Peachwillow Street', 'Bellevue', '98004'),
(168, '1343 Prospect St', 'Bellevue', '98004'),
(169, '6448 Castle Court', 'Bellevue', '98004'),
(170, '7902 Grammercy Lane', 'Bellevue', '98004'),
(171, '8668 Via Neruda', 'Bellevue', '98004'),
(172, '4777 Rockne Drive', 'Bellevue', '98004'),
(173, '620 Woodside Ct.', 'Bellevue', '98004'),
(174, '6307 Greenbelt Way', 'Bellevue', '98004'),
(175, '3284 S. Blank Avenue', 'Bellevue', '98004'),
(176, '8751 Norse Drive', 'Bellevue', '98004'),
(177, '6968 Wren Ave.', 'Bellevue', '98004'),
(178, '4311 Clay Rd', 'Bellevue', '98004'),
(180, '2947 Vine Lane', 'Bellevue', '98004'),
(181, '9320 Teakwood Dr.', 'Bellevue', '98004'),
(182, '3711 Rollingwood Dr', 'Bellevue', '98004'),
(183, '6118 Grasswood Circle', 'Bellevue', '98004'),
(184, '5678 Clear Court', 'Bellevue', '98004'),
(186, '332 Laguna Niguel', 'Bellevue', '98004'),
(187, '7808 Brown St.', 'Bellevue', '98004'),
(188, '6774 Bonanza', 'Bellevue', '98004'),
(189, '3708 Montana', 'Bellevue', '98004'),
(190, '9435 Breck Court', 'Bellevue', '98004'),
(191, '6951 Harmony Way', 'Sammamish', '98074'),
(192, '6871 Thornwood Dr.', 'Sammamish', '98074'),
(193, '9104 Mt. Sequoia Ct.', 'Sammamish', '98074'),
(195, '4444 Pepper Way', 'Sammamish', '98074'),
(196, '4525 Benedict Ct.', 'Sammamish', '98074'),
(197, '7820 Bird Drive', 'Sammamish', '98074'),
(198, '1962 Ferndale Lane', 'Sammamish', '98074'),
(199, '5263 Etcheverry Dr', 'Sammamish', '98074'),
(200, '2473 Orchard Way', 'Sammamish', '98074'),
(202, '4096 San Remo', 'Sammamish', '98074'),
(203, '7086 O St.', 'Sammamish', '98074'),
(204, '4310 Kenston Dr.', 'Sammamish', '98074'),
(205, '7939 Bayview Court', 'Sammamish', '98074'),
(207, '3066 Wallace Dr.', 'Redmond', '98052'),
(208, '9006 Woodside Way', 'Redmond', '98052'),
(209, '9906 Oak Grove Road', 'Redmond', '98052'),
(210, '2383 Pepper Drive', 'Redmond', '98052'),
(211, '6369 Ellis Street', 'Redmond', '98052'),
(212, '8000 Crane Court', 'Redmond', '98052'),
(213, '9322 Driving Drive', 'Redmond', '98052'),
(214, '3768 Door Way', 'Redmond', '98052'),
(215, '101 Candy Rd.', 'Redmond', '98052'),
(218, '9863 Ridge Place', 'Redmond', '98052'),
(219, '3397 Rancho View Drive', 'Redmond', '98052'),
(220, '4909 Poco Lane', 'Redmond', '98052'),
(221, '7297 RisingView', 'Redmond', '98052'),
(223, '1275 West Street', 'Redmond', '98052'),
(224, '2137 Birchwood Dr', 'Redmond', '98052'),
(226, '2482 Buckingham Dr.', 'Redmond', '98052'),
(227, '8467 Clifford Court', 'Redmond', '98052'),
(228, '9241 St George Dr.', 'Everett', '98201'),
(229, '3928 San Francisco', 'Everett', '98201'),
(230, '475 Santa Maria', 'Everett', '98201'),
(231, '181 Gaining Drive', 'Everett', '98201'),
(232, '3385 Crestview Drive', 'Everett', '98201'),
(233, '1185 Dallas Drive', 'Everett', '98201'),
(234, '7883 Missing Canyon Court', 'Everett', '98201'),
(235, '5452 Corte Gilberto', 'Everett', '98201'),
(237, '5242 Marvelle Ln.', 'Everett', '98201'),
(239, '8624 Pepper Way', 'Everett', '98201'),
(240, '2176 Apollo Way', 'Everett', '98201'),
(241, '1962 Cotton Ct.', 'Everett', '98201'),
(242, '1362 Somerset Place', 'Everett', '98201'),
(243, '3238 Laguna Circle', 'Everett', '98201'),
(244, '3665 Oak Creek Ct.', 'Everett', '98201'),
(245, '7640 First Ave.', 'Everett', '98201'),
(246, '6629 Polson Circle', 'Everett', '98201'),
(247, '2294 West 39th St.', 'Everett', '98201'),
(248, '1400 Gate Drive', 'Newport Hills', '98006'),
(249, '4350 Minute Dr.', 'Newport Hills', '98006'),
(250, '9297 Kenston Dr.', 'Newport Hills', '98006'),
(251, '8967 Hamilton Ave.', 'Newport Hills', '98006'),
(252, '9687 Shakespeare Drive', 'Newport Hills', '98006'),
(253, '1397 Paradise Ct.', 'Newport Hills', '98006'),
(254, '3030 Blackburn Ct.', 'Newport Hills', '98006'),
(256, '9605 Pheasant Circle', 'Gold Bar', '98251'),
(257, '2425 Notre Dame Ave', 'Gold Bar', '98251'),
(258, '8036 Summit View Dr.', 'Gold Bar', '98251'),
(259, '213 Stonewood Drive', 'Gold Bar', '98251'),
(260, '3884 Beauty Street', 'Gold Bar', '98251'),
(261, '1748 Bird Drive', 'Index', '98256'),
(262, '310 Winter Lane', 'Index', '98256'),
(263, '3514 Sunshine', 'Index', '98256'),
(264, '1245 Clay Road', 'Index', '98256'),
(265, '3127 El Camino Drive', 'Index', '98256'),
(266, '7691 Benedict Ct.', 'Issaquah', '98027'),
(267, '1144 Paradise Ct.', 'Issaquah', '98027'),
(268, '7435 Ricardo', 'Issaquah', '98027'),
(269, '9530 Vine Lane', 'Issaquah', '98027'),
(270, '6580 Poor Ridge Court', 'Issaquah', '98027'),
(271, '5979 El Pueblo', 'Issaquah', '98027'),
(272, '1921 Ranch Road', 'Issaquah', '98027'),
(273, '3848 East 39th Street', 'Issaquah', '98027'),
(274, '5256 Chickpea Ct.', 'Issaquah', '98027'),
(275, '989 Crown Ct', 'Issaquah', '98027'),
(276, '3333 Madhatter Circle', 'Issaquah', '98027'),
(277, '342 San Simeon', 'Issaquah', '98027'),
(278, '9314 Icicle Way', 'Issaquah', '98027'),
(279, '7772 Golden Meadow', 'Issaquah', '98027'),
(280, '8585 Los Gatos Ct.', 'Issaquah', '98027'),
(281, '7985 Center Street', 'Renton', '98055'),
(282, '5980 Icicle Circle', 'Renton', '98055'),
(283, '1378 String Dr', 'Renton', '98055'),
(284, '9495 Limewood Place', 'Renton', '98055'),
(285, '2598 Breck Court', 'Renton', '98055'),
(286, '5670 Bel Air Dr.', 'Renton', '98055'),
(287, '7165 Brock Lane', 'Renton', '98055'),
(288, '2736 Scramble Rd', 'Renton', '98055'),
(289, '2266 Greenwood Circle', 'Renton', '98055'),
(291, '9533 Working Drive', 'Renton', '98055'),
(292, '1803 Olive Hill', 'Renton', '98055'),
(293, '7559 Worth Ct.', 'Renton', '98055'),
(295, '6510 Hacienda Drive', 'Renton', '98055'),
(296, '6937 E. 42nd Street', 'Renton', '98055'),
(298, '2176 Brown Street', 'Renton', '98055'),
(299, '4312 Cambridge Drive', 'Renton', '98055'),
(11386, '1234 Seaside Way', 'San Francisco', '94109'),
(11387, '5678 Lakeview Blvd.', 'Minneapolis', '55402'),
(32505, '5458 Gladstone Drive', 'Kenmore', '98028'),
(32506, '5407 Cougar Way', 'Seattle', '98104'),
(32508, '108 Lakeside Court', 'Bellevue', '98004'),
(32509, '535 Greendell Pl', 'Sammamish', '98074'),
(32510, '1349 Steven Way', 'Seattle', '98104'),
(32511, '4155 Working Drive', 'Kenmore', '98028'),
(32512, '8316 La Salle St.', 'Sammamish', '98074'),
(32513, '350 Pastel Drive', 'Kent', '98031'),
(32514, '9882 Clay Rde', 'Redmond', '98052'),
(32515, '5050 Mt. Wilson Way', 'Kenmore', '98028'),
(32516, '6891 Ham Drive', 'Redmond', '98052'),
(32517, '177 11th Ave', 'Sammamish', '98074'),
(32518, '8040 Hill Ct', 'Redmond', '98052'),
(32519, '137 Mazatlan', 'Seattle', '98104'),
(32520, '5863 Sierra', 'Bellevue', '98004'),
(32521, '7145 Matchstick Drive', 'Sammamish', '98074');

-- --------------------------------------------------------

--
-- Table structure for table `dimemployee`
--

CREATE TABLE `dimemployee` (
  `EmployeeID` int(11) NOT NULL,
  `FullName` varchar(255) NOT NULL,
  `Gender` char(1) NOT NULL COMMENT 'Pria = P\r\nWanita = W'
) ENGINE=InnoDB DEFAULT CHARSET=utf8mb4 COLLATE=utf8mb4_general_ci;

--
-- Dumping data for table `dimemployee`
--

INSERT INTO `dimemployee` (`EmployeeID`, `FullName`, `Gender`) VALUES
(1, 'Ken J Sánchez', 'P'),
(2, 'Terri Lee Duffy', 'W'),
(3, 'Roberto  Tamburello', 'P'),
(4, 'Rob  Walters', 'P'),
(5, 'Gail A Erickson', 'W'),
(6, 'Jossef H Goldberg', 'P'),
(7, 'Dylan A Miller', 'P'),
(8, 'Diane L Margheim', 'W'),
(9, 'Gigi N Matthew', 'W'),
(10, 'Michael  Raheem', 'P'),
(11, 'Ovidiu V Cracium', 'P'),
(12, 'Thierry B D\'Hers', 'P'),
(13, 'Janice M Galvin', 'W'),
(14, 'Michael I Sullivan', 'P'),
(15, 'Sharon B Salavaria', 'W'),
(16, 'David M Bradley', 'P'),
(17, 'Kevin F Brown', 'P'),
(18, 'John L Wood', 'P'),
(19, 'Mary A Dempsey', 'W'),
(20, 'Wanida M Benshoof', 'W'),
(21, 'Terry J Eminhizer', 'P'),
(22, 'Sariya E Harnpadoungsataya', 'P'),
(23, 'Mary E Gibson', 'W'),
(24, 'Jill A Williams', 'W'),
(25, 'James R Hamilton', 'P'),
(26, 'Peter J Krebs', 'P'),
(27, 'Jo A Brown', 'W'),
(28, 'Guy R Gilbert', 'P'),
(29, 'Mark K McArthur', 'P'),
(30, 'Britta L Simon', 'W'),
(31, 'Margie W Shoop', 'W'),
(32, 'Rebecca A Laszlo', 'W'),
(33, 'Annik O Stahl', 'P'),
(34, 'Suchitra O Mohan', 'W'),
(35, 'Brandon G Heidepriem', 'P'),
(36, 'Jose R Lugo', 'P'),
(37, 'Chris O Okelberry', 'P'),
(38, 'Kim B Abercrombie', 'W'),
(39, 'Ed R Dudenhoefer', 'P'),
(40, 'JoLynn M Dobney', 'W'),
(41, 'Bryan  Baker', 'P'),
(42, 'James D Kramer', 'P'),
(43, 'Nancy A Anderson', 'W'),
(44, 'Simon D Rapier', 'P'),
(45, 'Thomas R Michaels', 'P'),
(46, 'Eugene O Kogan', 'P'),
(47, 'Andrew R Hill', 'P'),
(48, 'Ruth Ann Ellerbrock', 'W'),
(49, 'Barry K Johnson', 'P'),
(50, 'Sidney M Higa', 'P'),
(51, 'Jeffrey L Ford', 'P'),
(52, 'Doris M Hartwig', 'W'),
(53, 'Diane R Glimp', 'W'),
(54, 'Bonnie N Kearney', 'W'),
(55, 'Taylor R Maxwell', 'P'),
(56, 'Denise H Smith', 'W'),
(57, 'Frank T Miller', 'P'),
(58, 'Kendall C Keil', 'P'),
(59, 'Bob N Hohman', 'P'),
(60, 'Pete C Male', 'P'),
(61, 'Diane H Tibbott', 'W'),
(62, 'John T Campbell', 'P'),
(63, 'Maciej W Dusza', 'P'),
(64, 'Michael J Zwilling', 'P'),
(65, 'Randy T Reeves', 'P'),
(66, 'Karan R Khanna', 'P'),
(67, 'Jay G Adams', 'P'),
(68, 'Charles B Fitzgerald', 'P'),
(69, 'Steve F Masters', 'P'),
(70, 'David J Ortiz', 'P'),
(71, 'Michael Sean Ray', 'P'),
(72, 'Steven T Selikoff', 'P'),
(73, 'Carole M Poland', 'W'),
(74, 'Bjorn M Rettig', 'P'),
(75, 'Michiko F Osada', 'P'),
(76, 'Carol M Philips', 'W'),
(77, 'Merav A Netz', 'W'),
(78, 'Reuben H D\'sa', 'P'),
(79, 'Eric L Brown', 'P'),
(80, 'Sandeep P Kaliyath', 'P'),
(81, 'Mihail U Frintu', 'P'),
(82, 'Jack T Creasey', 'P'),
(83, 'Patrick M Cook', 'P'),
(84, 'Frank R Martinez', 'P'),
(85, 'Brian Richard Goldstein', 'P'),
(86, 'Ryan L Cornelsen', 'P'),
(87, 'Cristian K Petculescu', 'P'),
(88, 'Betsy A Stadick', 'W'),
(89, 'Patrick C Wedge', 'P'),
(90, 'Danielle C Tiedt', 'W'),
(91, 'Kimberly B Zimmerman', 'W'),
(92, 'Tom M Vande Velde', 'P'),
(93, 'Kok-Ho T Loh', 'P'),
(94, 'Russell  Hunter', 'P'),
(95, 'Jim H Scardelis', 'P'),
(96, 'Elizabeth I Keyser', 'W'),
(97, 'Mandar H Samant', 'P'),
(98, 'Sameer A Tejani', 'P'),
(99, 'Nuan  Yu', 'P'),
(100, 'Lolan B Song', 'P'),
(101, 'Houman N Pournasseh', 'P'),
(102, 'Zheng W Mu', 'P'),
(103, 'Ebru N Ersan', 'P'),
(104, 'Mary R Baker', 'W'),
(105, 'Kevin M Homer', 'P'),
(106, 'John T Kane', 'P'),
(107, 'Christopher E Hill', 'P'),
(108, 'Jinghao K Liu', 'P'),
(109, 'Alice O Ciccu', 'W'),
(110, 'Jun T Cao', 'P'),
(111, 'Suroor R Fatima', 'P'),
(112, 'John P Evans', 'P'),
(113, 'Linda K Moschell', 'W'),
(114, 'Mindaugas J Krapauskas', 'P'),
(115, 'Angela W Barbariol', 'W'),
(116, 'Michael W Patten', 'P'),
(117, 'Chad W Niswonger', 'P'),
(118, 'Don L Hall', 'P'),
(119, 'Michael T Entin', 'P'),
(120, 'Kitti H Lertpiriyasuwat', 'W'),
(121, 'Pilar G Ackerman', 'P'),
(122, 'Susan W Eaton', 'W'),
(123, 'Vamsi N Kuppa', 'P'),
(124, 'Kim T Ralls', 'W'),
(125, 'Matthias T Berndt', 'P'),
(126, 'Jimmy T Bischoff', 'P'),
(127, 'David P Hamilton', 'P'),
(128, 'Paul B Komosinski', 'P'),
(129, 'Gary W Yukish', 'P'),
(130, 'Rob T Caron', 'P'),
(131, 'Baris F Cetinok', 'P'),
(132, 'Nicole B Holliday', 'W'),
(133, 'Michael L Rothkugel', 'P'),
(134, 'Eric  Gubbels', 'P'),
(135, 'Ivo William Salmre', 'P'),
(136, 'Sylvester A Valdez', 'P'),
(137, 'Anibal T Sousa', 'W'),
(138, 'Samantha H Smith', 'W'),
(139, 'Hung-Fu T Ting', 'P'),
(140, 'Prasanna E Samarawickrama', 'P'),
(141, 'Min G Su', 'P'),
(142, 'Olinda C Turner', 'W'),
(143, 'Krishna  Sunkammurali', 'P'),
(144, 'Paul R Singh', 'P'),
(145, 'Cynthia S Randall', 'W'),
(146, 'Jian Shuo  Wang', 'P'),
(147, 'Sandra  Reátegui Alayo', 'W'),
(148, 'Jason M Watters', 'P'),
(149, 'Andy M Ruth', 'P'),
(150, 'Michael T Vanderhyde', 'P'),
(151, 'Rostislav E Shabalin', 'P'),
(152, 'Yuhong L Li', 'P'),
(153, 'Hanying P Feng', 'P'),
(154, 'Raymond K Sam', 'P'),
(155, 'Fadi K Fakhouri', 'P'),
(156, 'Lane M Sacksteder', 'P'),
(157, 'Linda A Randall', 'W'),
(158, 'Shelley N Dyck', 'W'),
(159, 'Terrence W Earls', 'P'),
(160, 'Jeff V Hay', 'P'),
(161, 'Kirk J Koenigsbauer', 'P'),
(162, 'Laura C Steele', 'W'),
(163, 'Alex M Nayberg', 'P'),
(164, 'Andrew M Cencini', 'P'),
(165, 'Chris T Preston', 'P'),
(166, 'Jack S Richins', 'P'),
(167, 'David N Johnson', 'P'),
(168, 'Garrett R Young', 'P'),
(169, 'Susan A Metters', 'W'),
(170, 'George Z Li', 'P'),
(171, 'David A Yalovsky', 'P'),
(172, 'Marc J Ingle', 'P'),
(173, 'Eugene R Zabokritski', 'P'),
(174, 'Benjamin R Martin', 'P'),
(175, 'Reed T Koch', 'P'),
(176, 'David Oliver Lawrence', 'P'),
(177, 'Russell M King', 'P'),
(178, 'John N Frum', 'P'),
(179, 'Jan S Miksovsky', 'P'),
(180, 'Katie L McAskill-White', 'W'),
(181, 'Michael T Hines', 'P'),
(182, 'Nitin S Mirchandani', 'P'),
(183, 'Barbara S Decker', 'W'),
(184, 'John Y Chen', 'P'),
(185, 'Stefen A Hesse', 'P'),
(186, 'Shane S Kim', 'P'),
(187, 'Yvonne S McKay', 'W'),
(188, 'Douglas B Hite', 'P'),
(189, 'Janeth M Esteves', 'W'),
(190, 'Robert J Rounthwaite', 'P'),
(191, 'Lionel C Penuchot', 'P'),
(192, 'Brenda M Diaz', 'W'),
(193, 'Alejandro E McGuel', 'P'),
(194, 'Fred T Northup', 'P'),
(195, 'Kevin H Liu', 'P'),
(196, 'Shammi G Mohamed', 'P'),
(197, 'Rajesh M Patel', 'P'),
(198, 'Lorraine O Nay', 'W'),
(199, 'Paula R Nartker', 'W'),
(200, 'Frank T Lee', 'P'),
(201, 'Brian T Lloyd', 'P'),
(202, 'Tawana G Nusbaum', 'P'),
(203, 'Ken L Myer', 'P'),
(204, 'Gabe B Mares', 'P'),
(205, 'Lori A Kane', 'W'),
(206, 'Stuart V Munson', 'P'),
(207, 'Greg F Alderson', 'P'),
(208, 'Scott R Gode', 'P'),
(209, 'Kathie E Flood', 'W'),
(210, 'Belinda M Newman', 'W'),
(211, 'Hazem E Abolrous', 'P'),
(212, 'Peng J Wu', 'P'),
(213, 'Sootha T Charncherngkha', 'P'),
(214, 'Andreas T Berglund', 'P'),
(215, 'Mark L Harrington', 'P'),
(216, 'Sean P Alexander', 'P'),
(217, 'Zainal T Arifin', 'P'),
(218, 'Tengiz N Kharatishvili', 'P'),
(219, 'Sean N Chai', 'P'),
(220, 'Karen R Berge', 'W'),
(221, 'Chris K Norred', 'P'),
(222, 'A. Scott  Wright', 'P'),
(223, 'Sairaj L Uddin', 'P'),
(224, 'William S Vong', 'P'),
(225, 'Alan J Brewer', 'P'),
(226, 'Brian P LaMee', 'P'),
(227, 'Gary E. Altman', 'P'),
(228, 'Christian E Kleinerman', 'P'),
(229, 'Lori K Penor', 'W'),
(230, 'Stuart J Macrae', 'P'),
(231, 'Jo L Berry', 'W'),
(232, 'Pat H Coleman', 'P'),
(233, 'Magnus E Hedlund', 'P'),
(234, 'Laura F Norman', 'W'),
(235, 'Paula M Barreto de Mattos', 'W'),
(236, 'Grant N Culbertson', 'P'),
(237, 'Hao O Chen', 'P'),
(238, 'Vidur X Luthra', 'P'),
(239, 'Mindy C Martin', 'W'),
(240, 'Willis T Johnson', 'P'),
(241, 'David J Liu', 'P'),
(242, 'Deborah E Poe', 'W'),
(243, 'Candy L Spoon', 'W'),
(244, 'Bryan A Walton', 'P'),
(245, 'Barbara C Moreland', 'W'),
(246, 'Dragan K Tomic', 'P'),
(247, 'Janet L Sheperdigian', 'W'),
(248, 'Mike K Seamans', 'P'),
(249, 'Wendy Beth Kahn', 'W'),
(250, 'Sheela H Word', 'W'),
(251, 'Mikael Q Sandberg', 'P'),
(252, 'Arvind B Rao', 'P'),
(253, 'Linda P Meisner', 'W'),
(254, 'Fukiko J Ogisu', 'P'),
(255, 'Gordon L Hee', 'P'),
(256, 'Frank S Pellow', 'P'),
(257, 'Eric S Kurjan', 'P'),
(258, 'Erin M Hagens', 'W'),
(259, 'Ben T Miller', 'P'),
(260, 'Annette L Hill', 'W'),
(261, 'Reinout N Hillmann', 'P'),
(262, 'David M Barber', 'P'),
(263, 'Jean E Trenary', 'W'),
(264, 'Stephanie A Conroy', 'W'),
(265, 'Ashvini R Sharma', 'P'),
(266, 'Peter I Connelly', 'P'),
(267, 'Karen A Berg', 'W'),
(268, 'Ramesh V Meyyappan', 'P'),
(269, 'Dan K Bacon', 'P'),
(270, 'François P Ajenstat', 'P'),
(271, 'Dan B Wilson', 'P'),
(272, 'Janaina Barreiro Gambaro Bueno', 'W'),
(273, 'Brian S Welcker', 'P');

-- --------------------------------------------------------

--
-- Table structure for table `dimshift`
--

CREATE TABLE `dimshift` (
  `ShiftID` tinyint(3) NOT NULL,
  `Name` varchar(100) NOT NULL,
  `StartTime` time(6) NOT NULL,
  `EndTime` time(6) NOT NULL
) ENGINE=InnoDB DEFAULT CHARSET=utf8mb4 COLLATE=utf8mb4_general_ci;

--
-- Dumping data for table `dimshift`
--

INSERT INTO `dimshift` (`ShiftID`, `Name`, `StartTime`, `EndTime`) VALUES
(1, 'Day', '07:00:00.000000', '15:00:00.000000'),
(2, 'Evening', '15:00:00.000000', '23:00:00.000000'),
(3, 'Night', '23:00:00.000000', '07:00:00.000000');

-- --------------------------------------------------------

--
-- Table structure for table `fact_employee`
--

CREATE TABLE `fact_employee` (
  `EmployeeID` int(11) NOT NULL,
  `AddressID` int(11) NOT NULL,
  `ShiftID` tinyint(3) NOT NULL
) ENGINE=InnoDB DEFAULT CHARSET=utf8mb4 COLLATE=utf8mb4_general_ci;

--
-- Dumping data for table `fact_employee`
--

INSERT INTO `fact_employee` (`EmployeeID`, `AddressID`, `ShiftID`) VALUES
(1, 249, 1),
(2, 293, 1),
(3, 224, 1),
(4, 11387, 1),
(4, 11387, 1),
(5, 190, 1),
(6, 286, 1),
(7, 49, 1),
(8, 230, 1),
(9, 187, 1),
(10, 11386, 1),
(11, 32505, 1),
(12, 1, 1),
(13, 219, 1),
(14, 295, 1),
(15, 287, 1),
(16, 214, 1),
(16, 214, 1),
(17, 234, 1),
(18, 209, 1),
(19, 174, 1),
(20, 191, 1),
(21, 171, 1),
(22, 233, 1),
(23, 229, 1),
(24, 243, 1),
(25, 63, 1),
(26, 166, 1),
(27, 77, 1),
(28, 61, 1),
(29, 218, 1),
(30, 155, 1),
(31, 142, 1),
(32, 162, 1),
(33, 108, 1),
(34, 184, 1),
(35, 212, 1),
(36, 100, 1),
(37, 227, 1),
(38, 90, 1),
(39, 93, 1),
(40, 92, 3),
(41, 69, 3),
(42, 67, 3),
(43, 197, 3),
(44, 84, 3),
(45, 150, 3),
(46, 85, 3),
(47, 246, 1),
(48, 240, 1),
(49, 56, 1),
(50, 153, 1),
(51, 71, 1),
(52, 48, 1),
(53, 208, 1),
(54, 60, 1),
(55, 131, 3),
(56, 46, 3),
(57, 55, 3),
(58, 119, 3),
(59, 8, 3),
(60, 96, 3),
(61, 47, 3),
(62, 97, 2),
(63, 149, 2),
(64, 143, 2),
(65, 148, 2),
(66, 113, 2),
(67, 68, 2),
(68, 199, 2),
(69, 114, 2),
(70, 125, 2),
(71, 120, 3),
(72, 231, 3),
(73, 145, 3),
(74, 99, 3),
(75, 198, 3),
(76, 20, 3),
(77, 94, 3),
(78, 110, 2),
(79, 79, 2),
(80, 204, 2),
(81, 152, 2),
(82, 109, 2),
(83, 103, 2),
(84, 54, 2),
(85, 14, 2),
(86, 32517, 2),
(87, 91, 3),
(88, 7, 3),
(89, 161, 3),
(90, 43, 3),
(91, 128, 3),
(92, 237, 3),
(93, 189, 2),
(94, 124, 2),
(95, 136, 2),
(96, 32513, 2),
(97, 76, 2),
(98, 83, 2),
(99, 160, 2),
(100, 133, 2),
(101, 32514, 2),
(102, 121, 2),
(103, 32512, 2),
(104, 122, 2),
(105, 158, 2),
(106, 81, 2),
(107, 40, 2),
(108, 88, 1),
(109, 51, 1),
(110, 220, 1),
(111, 141, 1),
(112, 118, 1),
(113, 175, 1),
(114, 144, 1),
(115, 139, 1),
(116, 151, 1),
(117, 21, 1),
(118, 87, 1),
(119, 226, 1),
(120, 130, 1),
(121, 32506, 1),
(122, 288, 2),
(123, 2, 2),
(124, 5, 3),
(125, 299, 1),
(126, 298, 1),
(127, 44, 3),
(128, 157, 3),
(129, 134, 3),
(130, 72, 3),
(131, 117, 3),
(132, 101, 3),
(133, 146, 3),
(134, 140, 1),
(135, 62, 1),
(136, 170, 1),
(137, 32516, 1),
(138, 159, 1),
(139, 203, 1),
(140, 213, 1),
(141, 164, 1),
(142, 167, 1),
(143, 132, 1),
(144, 168, 1),
(145, 42, 2),
(146, 74, 2),
(147, 105, 2),
(148, 181, 2),
(149, 172, 2),
(150, 135, 2),
(151, 182, 2),
(152, 98, 2),
(153, 221, 2),
(154, 137, 2),
(155, 53, 2),
(156, 102, 2),
(157, 111, 2),
(158, 75, 2),
(159, 177, 2),
(160, 232, 1),
(161, 95, 1),
(162, 78, 1),
(163, 248, 1),
(164, 195, 1),
(165, 23, 1),
(166, 65, 1),
(167, 45, 1),
(168, 59, 1),
(169, 193, 1),
(170, 89, 1),
(171, 129, 1),
(172, 200, 1),
(173, 205, 1),
(174, 52, 1),
(175, 223, 1),
(176, 73, 1),
(177, 163, 1),
(178, 244, 1),
(179, 239, 1),
(180, 115, 3),
(181, 70, 3),
(182, 202, 3),
(183, 32521, 3),
(184, 80, 3),
(185, 82, 3),
(186, 165, 2),
(187, 241, 2),
(188, 86, 2),
(189, 64, 2),
(190, 123, 2),
(191, 112, 2),
(192, 32510, 1),
(193, 127, 1),
(194, 58, 1),
(195, 126, 1),
(196, 186, 1),
(197, 154, 1),
(198, 138, 1),
(199, 106, 1),
(200, 116, 1),
(201, 57, 1),
(202, 104, 1),
(203, 242, 1),
(204, 147, 1),
(205, 207, 3),
(206, 169, 3),
(207, 156, 3),
(208, 107, 3),
(209, 228, 3),
(210, 6, 3),
(211, 32515, 1),
(212, 10, 1),
(213, 32511, 3),
(214, 292, 2),
(215, 280, 1),
(216, 281, 1),
(217, 277, 1),
(218, 276, 3),
(219, 278, 1),
(220, 265, 1),
(221, 275, 2),
(222, 250, 1),
(223, 32518, 1),
(224, 188, 1),
(224, 188, 1),
(225, 50, 2),
(226, 247, 3),
(227, 285, 1),
(228, 258, 1),
(229, 263, 3),
(230, 289, 2),
(231, 261, 3),
(232, 257, 2),
(233, 291, 1),
(234, 296, 1),
(234, 296, 1),
(235, 178, 1),
(236, 259, 1),
(237, 266, 1),
(238, 254, 1),
(239, 252, 1),
(240, 235, 1),
(241, 256, 1),
(242, 245, 1),
(243, 262, 1),
(244, 253, 1),
(245, 32519, 1),
(246, 260, 1),
(247, 192, 1),
(248, 264, 1),
(249, 196, 1),
(250, 32509, 1),
(250, 32509, 1),
(250, 32509, 1),
(251, 4, 1),
(252, 284, 1),
(253, 183, 1),
(254, 176, 1),
(255, 32508, 1),
(256, 282, 1),
(257, 283, 1),
(258, 180, 1),
(259, 215, 1),
(260, 211, 1),
(261, 173, 1),
(262, 251, 1),
(263, 210, 1),
(264, 268, 1),
(265, 270, 2),
(266, 269, 1),
(267, 274, 1),
(268, 273, 1),
(269, 272, 1),
(270, 267, 1),
(271, 32520, 1),
(272, 271, 1),
(273, 279, 1);

--
-- Indexes for dumped tables
--

--
-- Indexes for table `dimaddress`
--
ALTER TABLE `dimaddress`
  ADD PRIMARY KEY (`AddressID`);

--
-- Indexes for table `dimemployee`
--
ALTER TABLE `dimemployee`
  ADD PRIMARY KEY (`EmployeeID`);

--
-- Indexes for table `dimshift`
--
ALTER TABLE `dimshift`
  ADD PRIMARY KEY (`ShiftID`);

--
-- Indexes for table `fact_employee`
--
ALTER TABLE `fact_employee`
  ADD KEY `AddressID` (`AddressID`),
  ADD KEY `EmployeeID` (`EmployeeID`),
  ADD KEY `ShiftID` (`ShiftID`);

--
-- Constraints for dumped tables
--

--
-- Constraints for table `fact_employee`
--
ALTER TABLE `fact_employee`
  ADD CONSTRAINT `fact_employee_ibfk_1` FOREIGN KEY (`addressid`) REFERENCES `dimadress` (`addressid`),
  ADD CONSTRAINT `fact_employee_ibfk_2` FOREIGN KEY (`employeeid`) REFERENCES `dimemployee` (`employeeid`),
  ADD CONSTRAINT `fact_employee_ibfk_3` FOREIGN KEY (`shiftid`) REFERENCES `dimshift` (`shiftid`),
  ADD CONSTRAINT `fk_employeeid` FOREIGN KEY (`employeeid`) REFERENCES `dimemployee` (`employeeid`),
  ADD CONSTRAINT `fk_shiftid` FOREIGN KEY (`shiftid`) REFERENCES `dimshift` (`shiftid`);
COMMIT;

/*!40101 SET CHARACTER_SET_CLIENT=@OLD_CHARACTER_SET_CLIENT */;
/*!40101 SET CHARACTER_SET_RESULTS=@OLD_CHARACTER_SET_RESULTS */;
/*!40101 SET COLLATION_CONNECTION=@OLD_COLLATION_CONNECTION */;
